InputSymbol, ExchangeSymbol, Exchange, EntryOrderType, ExitOrderType, Quantity, StopLossPrice, ProductType, InstrumentName, Type, Strike, Expiry, MaxOpenPosition, StrategyTag, ClientCode,MaxProfit,MaxLoss,Currency
ADANIPORTS,ADANIPORTS,NSECM,Limit,Limit,25,,MIS(IntraDay),EQ,,,,,STG1,,,,
APOLLOHOSP,APOLLOHOSP,NSECM,Limit,Limit,25,,MIS(IntraDay),EQ,,,,,STG1,,,,
ASIANPAINT,ASIANPAINT,NSECM,Limit,Limit,25,,MIS(IntraDay),EQ,,,,,STG1,,,,
AXISBANK,AXISBANK,NSECM,Limit,Limit,25,,MIS(IntraDay),EQ,,,,,STG1,,,,
BAJAJ-AUTO,BAJAJ-AUTO,NSECM,Limit,Limit,25,,MIS(IntraDay),EQ,,,,,STG1,,,,
BAJFINANCE,BAJFINANCE,NSECM,Limit,Limit,25,,MIS(IntraDay),EQ,,,,,STG1,,,,
BAJAJFINSV,BAJAJFINSV,NSECM,Limit,Limit,25,,MIS(IntraDay),EQ,,,,,STG1,,,,
BPCL,BPCL,NSECM,Limit,Limit,25,,MIS(IntraDay),EQ,,,,,STG1,,,,
BHARTIARTL,BHARTIARTL,NSECM,Limit,Limit,25,,MIS(IntraDay),EQ,,,,,STG1,,,,
BRITANNIA,BRITANNIA,NSECM,Limit,Limit,25,,MIS(IntraDay),EQ,,,,,STG1,,,,
CIPLA,CIPLA,NSECM,Limit,Limit,25,,MIS(IntraDay),EQ,,,,,STG1,,,,
COALINDIA,COALINDIA,NSECM,Limit,Limit,25,,MIS(IntraDay),EQ,,,,,STG1,,,,
DIVISLAB,DIVISLAB,NSECM,Limit,Limit,25,,MIS(IntraDay),EQ,,,,,STG1,,,,
DRREDDY,DRREDDY,NSECM,Limit,Limit,25,,MIS(IntraDay),EQ,,,,,STG1,,,,
EICHERMOT,EICHERMOT,NSECM,Limit,Limit,25,,MIS(IntraDay),EQ,,,,,STG1,,,,
GRASIM,GRASIM,NSECM,Limit,Limit,25,,MIS(IntraDay),EQ,,,,,STG1,,,,
HCLTECH,HCLTECH,NSECM,Limit,Limit,25,,MIS(IntraDay),EQ,,,,,STG1,,,,
HDFCBANK,HDFCBANK,NSECM,Limit,Limit,25,,MIS(IntraDay),EQ,,,,,STG1,,,,
HDFCLIFE,HDFCLIFE,NSECM,Limit,Limit,25,,MIS(IntraDay),EQ,,,,,STG1,,,,
HEROMOTOCO,HEROMOTOCO,NSECM,Limit,Limit,25,,MIS(IntraDay),EQ,,,,,STG1,,,,
HINDALCO,HINDALCO,NSECM,Limit,Limit,25,,MIS(IntraDay),EQ,,,,,STG1,,,,
HINDUNILVR,HINDUNILVR,NSECM,Limit,Limit,25,,MIS(IntraDay),EQ,,,,,STG1,,,,
ICICIBANK,ICICIBANK,NSECM,Limit,Limit,25,,MIS(IntraDay),EQ,,,,,STG1,,,,
ITC,ITC,NSECM,Limit,Limit,25,,MIS(IntraDay),EQ,,,,,STG1,,,,
INDUSINDBK,INDUSINDBK,NSECM,Limit,Limit,25,,MIS(IntraDay),EQ,,,,,STG1,,,,
INFY,INFY,NSECM,Limit,Limit,25,,MIS(IntraDay),EQ,,,,,STG1,,,,
JSWSTEEL,JSWSTEEL,NSECM,Limit,Limit,25,,MIS(IntraDay),EQ,,,,,STG1,,,,
KOTAKBANK,KOTAKBANK,NSECM,Limit,Limit,25,,MIS(IntraDay),EQ,,,,,STG1,,,,
LTIM,LTIM,NSECM,Limit,Limit,25,,MIS(IntraDay),EQ,,,,,STG1,,,,
LT,LT,NSECM,Limit,Limit,25,,MIS(IntraDay),EQ,,,,,STG1,,,,
M&M,M&M,NSECM,Limit,Limit,25,,MIS(IntraDay),EQ,,,,,STG1,,,,
MARUTI,MARUTI,NSECM,Limit,Limit,25,,MIS(IntraDay),EQ,,,,,STG1,,,,
NTPC,NTPC,NSECM,Limit,Limit,25,,MIS(IntraDay),EQ,,,,,STG1,,,,
NESTLEIND,NESTLEIND,NSECM,Limit,Limit,25,,MIS(IntraDay),EQ,,,,,STG1,,,,
ONGC,ONGC,NSECM,Limit,Limit,25,,MIS(IntraDay),EQ,,,,,STG1,,,,
POWERGRID,POWERGRID,NSECM,Limit,Limit,25,,MIS(IntraDay),EQ,,,,,STG1,,,,
RELIANCE,RELIANCE,NSECM,Limit,Limit,25,,MIS(IntraDay),EQ,,,,,STG1,,,,
SBILIFE,SBILIFE,NSECM,Limit,Limit,25,,MIS(IntraDay),EQ,,,,,STG1,,,,
SBIN,SBIN,NSECM,Limit,Limit,25,,MIS(IntraDay),EQ,,,,,STG1,,,,
SUNPHARMA,SUNPHARMA,NSECM,Limit,Limit,25,,MIS(IntraDay),EQ,,,,,STG1,,,,
TCS,TCS,NSECM,Limit,Limit,25,,MIS(IntraDay),EQ,,,,,STG1,,,,
TATACONSUM,TATACONSUM,NSECM,Limit,Limit,25,,MIS(IntraDay),EQ,,,,,STG1,,,,
TATAMOTORS,TATAMOTORS,NSECM,Limit,Limit,25,,MIS(IntraDay),EQ,,,,,STG1,,,,
TATASTEEL,TATASTEEL,NSECM,Limit,Limit,25,,MIS(IntraDay),EQ,,,,,STG1,,,,
TECHM,TECHM,NSECM,Limit,Limit,25,,MIS(IntraDay),EQ,,,,,STG1,,,,
TITAN,TITAN,NSECM,Limit,Limit,25,,MIS(IntraDay),EQ,,,,,STG1,,,,
UPL,UPL,NSECM,Limit,Limit,25,,MIS(IntraDay),EQ,,,,,STG1,,,,
ULTRACEMCO,ULTRACEMCO,NSECM,Limit,Limit,25,,MIS(IntraDay),EQ,,,,,STG1,,,,
WIPRO,WIPRO,NSECM,Limit,Limit,25,,MIS(IntraDay),EQ,,,,,STG1,,,,
360ONE,360ONE,NSECM,Limit,Limit,25,,MIS(IntraDay),EQ,,,,,STG1,,,,
3MINDIA,3MINDIA,NSECM,Limit,Limit,25,,MIS(IntraDay),EQ,,,,,STG1,,,,
ABB,ABB,NSECM,Limit,Limit,25,,MIS(IntraDay),EQ,,,,,STG1,,,,
ACC,ACC,NSECM,Limit,Limit,25,,MIS(IntraDay),EQ,,,,,STG1,,,,
AIAENG,AIAENG,NSECM,Limit,Limit,25,,MIS(IntraDay),EQ,,,,,STG1,,,,
APLAPOLLO,APLAPOLLO,NSECM,Limit,Limit,25,,MIS(IntraDay),EQ,,,,,STG1,,,,
AUBANK,AUBANK,NSECM,Limit,Limit,25,,MIS(IntraDay),EQ,,,,,STG1,,,,
AARTIDRUGS,AARTIDRUGS,NSECM,Limit,Limit,25,,MIS(IntraDay),EQ,,,,,STG1,,,,
AARTIIND,AARTIIND,NSECM,Limit,Limit,25,,MIS(IntraDay),EQ,,,,,STG1,,,,
AAVAS,AAVAS,NSECM,Limit,Limit,25,,MIS(IntraDay),EQ,,,,,STG1,,,,
ABBOTINDIA,ABBOTINDIA,NSECM,Limit,Limit,25,,MIS(IntraDay),EQ,,,,,STG1,,,,
ADANIENSOL,ADANIENSOL,NSECM,Limit,Limit,25,,MIS(IntraDay),EQ,,,,,STG1,,,,
ADANIGREEN,ADANIGREEN,NSECM,Limit,Limit,25,,MIS(IntraDay),EQ,,,,,STG1,,,,
ADANIPOWER,ADANIPOWER,NSECM,Limit,Limit,25,,MIS(IntraDay),EQ,,,,,STG1,,,,
ATGL,ATGL,NSECM,Limit,Limit,25,,MIS(IntraDay),EQ,,,,,STG1,,,,
AWL,AWL,NSECM,Limit,Limit,25,,MIS(IntraDay),EQ,,,,,STG1,,,,
ABCAPITAL,ABCAPITAL,NSECM,Limit,Limit,25,,MIS(IntraDay),EQ,,,,,STG1,,,,
ABFRL,ABFRL,NSECM,Limit,Limit,25,,MIS(IntraDay),EQ,,,,,STG1,,,,
AEGISCHEM,AEGISCHEM,NSECM,Limit,Limit,25,,MIS(IntraDay),EQ,,,,,STG1,,,,
AETHER,AETHER,NSECM,Limit,Limit,25,,MIS(IntraDay),EQ,,,,,STG1,,,,
AFFLE,AFFLE,NSECM,Limit,Limit,25,,MIS(IntraDay),EQ,,,,,STG1,,,,
AJANTPHARM,AJANTPHARM,NSECM,Limit,Limit,25,,MIS(IntraDay),EQ,,,,,STG1,,,,
APLLTD,APLLTD,NSECM,Limit,Limit,25,,MIS(IntraDay),EQ,,,,,STG1,,,,
ALKEM,ALKEM,NSECM,Limit,Limit,25,,MIS(IntraDay),EQ,,,,,STG1,,,,
ALKYLAMINE,ALKYLAMINE,NSECM,Limit,Limit,25,,MIS(IntraDay),EQ,,,,,STG1,,,,
ALLCARGO,ALLCARGO,NSECM,Limit,Limit,25,,MIS(IntraDay),EQ,,,,,STG1,,,,
ALOKINDS,ALOKINDS,NSECM,Limit,Limit,25,,MIS(IntraDay),EQ,,,,,STG1,,,,
ARE&M,ARE&M,NSECM,Limit,Limit,25,,MIS(IntraDay),EQ,,,,,STG1,,,,
AMBER,AMBER,NSECM,Limit,Limit,25,,MIS(IntraDay),EQ,,,,,STG1,,,,
AMBUJACEM,AMBUJACEM,NSECM,Limit,Limit,25,,MIS(IntraDay),EQ,,,,,STG1,,,,
ANGELONE,ANGELONE,NSECM,Limit,Limit,25,,MIS(IntraDay),EQ,,,,,STG1,,,,
ANURAS,ANURAS,NSECM,Limit,Limit,25,,MIS(IntraDay),EQ,,,,,STG1,,,,
APARINDS,APARINDS,NSECM,Limit,Limit,25,,MIS(IntraDay),EQ,,,,,STG1,,,,
APOLLOTYRE,APOLLOTYRE,NSECM,Limit,Limit,25,,MIS(IntraDay),EQ,,,,,STG1,,,,
APTUS,APTUS,NSECM,Limit,Limit,25,,MIS(IntraDay),EQ,,,,,STG1,,,,
ACI,ACI,NSECM,Limit,Limit,25,,MIS(IntraDay),EQ,,,,,STG1,,,,
ASAHIINDIA,ASAHIINDIA,NSECM,Limit,Limit,25,,MIS(IntraDay),EQ,,,,,STG1,,,,
ASHOKLEY,ASHOKLEY,NSECM,Limit,Limit,25,,MIS(IntraDay),EQ,,,,,STG1,,,,
ASTERDM,ASTERDM,NSECM,Limit,Limit,25,,MIS(IntraDay),EQ,,,,,STG1,,,,
ASTRAL,ASTRAL,NSECM,Limit,Limit,25,,MIS(IntraDay),EQ,,,,,STG1,,,,
ATUL,ATUL,NSECM,Limit,Limit,25,,MIS(IntraDay),EQ,,,,,STG1,,,,
AUROPHARMA,AUROPHARMA,NSECM,Limit,Limit,25,,MIS(IntraDay),EQ,,,,,STG1,,,,
AVANTIFEED,AVANTIFEED,NSECM,Limit,Limit,25,,MIS(IntraDay),EQ,,,,,STG1,,,,
DMART,DMART,NSECM,Limit,Limit,25,,MIS(IntraDay),EQ,,,,,STG1,,,,
BEML,BEML,NSECM,Limit,Limit,25,,MIS(IntraDay),EQ,,,,,STG1,,,,
BLS,BLS,NSECM,Limit,Limit,25,,MIS(IntraDay),EQ,,,,,STG1,,,,
BSE,BSE,NSECM,Limit,Limit,25,,MIS(IntraDay),EQ,,,,,STG1,,,,
BAJAJHLDNG,BAJAJHLDNG,NSECM,Limit,Limit,25,,MIS(IntraDay),EQ,,,,,STG1,,,,
BALAMINES,BALAMINES,NSECM,Limit,Limit,25,,MIS(IntraDay),EQ,,,,,STG1,,,,
BALKRISIND,BALKRISIND,NSECM,Limit,Limit,25,,MIS(IntraDay),EQ,,,,,STG1,,,,
BALRAMCHIN,BALRAMCHIN,NSECM,Limit,Limit,25,,MIS(IntraDay),EQ,,,,,STG1,,,,
BANDHANBNK,BANDHANBNK,NSECM,Limit,Limit,25,,MIS(IntraDay),EQ,,,,,STG1,,,,
BANKBARODA,BANKBARODA,NSECM,Limit,Limit,25,,MIS(IntraDay),EQ,,,,,STG1,,,,
BANKINDIA,BANKINDIA,NSECM,Limit,Limit,25,,MIS(IntraDay),EQ,,,,,STG1,,,,
MAHABANK,MAHABANK,NSECM,Limit,Limit,25,,MIS(IntraDay),EQ,,,,,STG1,,,,
BATAINDIA,BATAINDIA,NSECM,Limit,Limit,25,,MIS(IntraDay),EQ,,,,,STG1,,,,
BAYERCROP,BAYERCROP,NSECM,Limit,Limit,25,,MIS(IntraDay),EQ,,,,,STG1,,,,
BERGEPAINT,BERGEPAINT,NSECM,Limit,Limit,25,,MIS(IntraDay),EQ,,,,,STG1,,,,
BDL,BDL,NSECM,Limit,Limit,25,,MIS(IntraDay),EQ,,,,,STG1,,,,
BEL,BEL,NSECM,Limit,Limit,25,,MIS(IntraDay),EQ,,,,,STG1,,,,
BHARATFORG,BHARATFORG,NSECM,Limit,Limit,25,,MIS(IntraDay),EQ,,,,,STG1,,,,
BHEL,BHEL,NSECM,Limit,Limit,25,,MIS(IntraDay),EQ,,,,,STG1,,,,
BIKAJI,BIKAJI,NSECM,Limit,Limit,25,,MIS(IntraDay),EQ,,,,,STG1,,,,
BIOCON,BIOCON,NSECM,Limit,Limit,25,,MIS(IntraDay),EQ,,,,,STG1,,,,
BIRLACORPN,BIRLACORPN,NSECM,Limit,Limit,25,,MIS(IntraDay),EQ,,,,,STG1,,,,
BSOFT,BSOFT,NSECM,Limit,Limit,25,,MIS(IntraDay),EQ,,,,,STG1,,,,
BLUEDART,BLUEDART,NSECM,Limit,Limit,25,,MIS(IntraDay),EQ,,,,,STG1,,,,
BLUESTARCO,BLUESTARCO,NSECM,Limit,Limit,25,,MIS(IntraDay),EQ,,,,,STG1,,,,
BBTC,BBTC,NSECM,Limit,Limit,25,,MIS(IntraDay),EQ,,,,,STG1,,,,
BORORENEW,BORORENEW,NSECM,Limit,Limit,25,,MIS(IntraDay),EQ,,,,,STG1,,,,
BOSCHLTD,BOSCHLTD,NSECM,Limit,Limit,25,,MIS(IntraDay),EQ,,,,,STG1,,,,
BRIGADE,BRIGADE,NSECM,Limit,Limit,25,,MIS(IntraDay),EQ,,,,,STG1,,,,
BCG,BCG,NSECM,Limit,Limit,25,,MIS(IntraDay),EQ,,,,,STG1,,,,
MAPMYINDIA,MAPMYINDIA,NSECM,Limit,Limit,25,,MIS(IntraDay),EQ,,,,,STG1,,,,
CCL,CCL,NSECM,Limit,Limit,25,,MIS(IntraDay),EQ,,,,,STG1,,,,
CESC,CESC,NSECM,Limit,Limit,25,,MIS(IntraDay),EQ,,,,,STG1,,,,
CGPOWER,CGPOWER,NSECM,Limit,Limit,25,,MIS(IntraDay),EQ,,,,,STG1,,,,
CIEINDIA,CIEINDIA,NSECM,Limit,Limit,25,,MIS(IntraDay),EQ,,,,,STG1,,,,
CRISIL,CRISIL,NSECM,Limit,Limit,25,,MIS(IntraDay),EQ,,,,,STG1,,,,
CSBBANK,CSBBANK,NSECM,Limit,Limit,25,,MIS(IntraDay),EQ,,,,,STG1,,,,
CAMPUS,CAMPUS,NSECM,Limit,Limit,25,,MIS(IntraDay),EQ,,,,,STG1,,,,
CANFINHOME,CANFINHOME,NSECM,Limit,Limit,25,,MIS(IntraDay),EQ,,,,,STG1,,,,
CANBK,CANBK,NSECM,Limit,Limit,25,,MIS(IntraDay),EQ,,,,,STG1,,,,
CGCL,CGCL,NSECM,Limit,Limit,25,,MIS(IntraDay),EQ,,,,,STG1,,,,
CARBORUNIV,CARBORUNIV,NSECM,Limit,Limit,25,,MIS(IntraDay),EQ,,,,,STG1,,,,
CASTROLIND,CASTROLIND,NSECM,Limit,Limit,25,,MIS(IntraDay),EQ,,,,,STG1,,,,
CEATLTD,CEATLTD,NSECM,Limit,Limit,25,,MIS(IntraDay),EQ,,,,,STG1,,,,
CENTRALBK,CENTRALBK,NSECM,Limit,Limit,25,,MIS(IntraDay),EQ,,,,,STG1,,,,
CDSL,CDSL,NSECM,Limit,Limit,25,,MIS(IntraDay),EQ,,,,,STG1,,,,
CENTURYPLY,CENTURYPLY,NSECM,Limit,Limit,25,,MIS(IntraDay),EQ,,,,,STG1,,,,
CENTURYTEX,CENTURYTEX,NSECM,Limit,Limit,25,,MIS(IntraDay),EQ,,,,,STG1,,,,
CERA,CERA,NSECM,Limit,Limit,25,,MIS(IntraDay),EQ,,,,,STG1,,,,
CHALET,CHALET,NSECM,Limit,Limit,25,,MIS(IntraDay),EQ,,,,,STG1,,,,
CHAMBLFERT,CHAMBLFERT,NSECM,Limit,Limit,25,,MIS(IntraDay),EQ,,,,,STG1,,,,
CHEMPLASTS,CHEMPLASTS,NSECM,Limit,Limit,25,,MIS(IntraDay),EQ,,,,,STG1,,,,
CHOLAHLDNG,CHOLAHLDNG,NSECM,Limit,Limit,25,,MIS(IntraDay),EQ,,,,,STG1,,,,
CHOLAFIN,CHOLAFIN,NSECM,Limit,Limit,25,,MIS(IntraDay),EQ,,,,,STG1,,,,
CUB,CUB,NSECM,Limit,Limit,25,,MIS(IntraDay),EQ,,,,,STG1,,,,
CLEAN,CLEAN,NSECM,Limit,Limit,25,,MIS(IntraDay),EQ,,,,,STG1,,,,
COCHINSHIP,COCHINSHIP,NSECM,Limit,Limit,25,,MIS(IntraDay),EQ,,,,,STG1,,,,
COFORGE,COFORGE,NSECM,Limit,Limit,25,,MIS(IntraDay),EQ,,,,,STG1,,,,
COLPAL,COLPAL,NSECM,Limit,Limit,25,,MIS(IntraDay),EQ,,,,,STG1,,,,
CAMS,CAMS,NSECM,Limit,Limit,25,,MIS(IntraDay),EQ,,,,,STG1,,,,
CONCORDBIO,CONCORDBIO,NSECM,Limit,Limit,25,,MIS(IntraDay),EQ,,,,,STG1,,,,
CONCOR,CONCOR,NSECM,Limit,Limit,25,,MIS(IntraDay),EQ,,,,,STG1,,,,
COROMANDEL,COROMANDEL,NSECM,Limit,Limit,25,,MIS(IntraDay),EQ,,,,,STG1,,,,
CRAFTSMAN,CRAFTSMAN,NSECM,Limit,Limit,25,,MIS(IntraDay),EQ,,,,,STG1,,,,
CREDITACC,CREDITACC,NSECM,Limit,Limit,25,,MIS(IntraDay),EQ,,,,,STG1,,,,
CROMPTON,CROMPTON,NSECM,Limit,Limit,25,,MIS(IntraDay),EQ,,,,,STG1,,,,
CUMMINSIND,CUMMINSIND,NSECM,Limit,Limit,25,,MIS(IntraDay),EQ,,,,,STG1,,,,
CYIENT,CYIENT,NSECM,Limit,Limit,25,,MIS(IntraDay),EQ,,,,,STG1,,,,
DCMSHRIRAM,DCMSHRIRAM,NSECM,Limit,Limit,25,,MIS(IntraDay),EQ,,,,,STG1,,,,
DLF,DLF,NSECM,Limit,Limit,25,,MIS(IntraDay),EQ,,,,,STG1,,,,
DABUR,DABUR,NSECM,Limit,Limit,25,,MIS(IntraDay),EQ,,,,,STG1,,,,
DALBHARAT,DALBHARAT,NSECM,Limit,Limit,25,,MIS(IntraDay),EQ,,,,,STG1,,,,
DATAPATTNS,DATAPATTNS,NSECM,Limit,Limit,25,,MIS(IntraDay),EQ,,,,,STG1,,,,
DEEPAKFERT,DEEPAKFERT,NSECM,Limit,Limit,25,,MIS(IntraDay),EQ,,,,,STG1,,,,
DEEPAKNTR,DEEPAKNTR,NSECM,Limit,Limit,25,,MIS(IntraDay),EQ,,,,,STG1,,,,
DELHIVERY,DELHIVERY,NSECM,Limit,Limit,25,,MIS(IntraDay),EQ,,,,,STG1,,,,
DELTACORP,DELTACORP,NSECM,Limit,Limit,25,,MIS(IntraDay),EQ,,,,,STG1,,,,
DEVYANI,DEVYANI,NSECM,Limit,Limit,25,,MIS(IntraDay),EQ,,,,,STG1,,,,
DIXON,DIXON,NSECM,Limit,Limit,25,,MIS(IntraDay),EQ,,,,,STG1,,,,
LALPATHLAB,LALPATHLAB,NSECM,Limit,Limit,25,,MIS(IntraDay),EQ,,,,,STG1,,,,
EIDPARRY,EIDPARRY,NSECM,Limit,Limit,25,,MIS(IntraDay),EQ,,,,,STG1,,,,
EIHOTEL,EIHOTEL,NSECM,Limit,Limit,25,,MIS(IntraDay),EQ,,,,,STG1,,,,
EPL,EPL,NSECM,Limit,Limit,25,,MIS(IntraDay),EQ,,,,,STG1,,,,
EASEMYTRIP,EASEMYTRIP,NSECM,Limit,Limit,25,,MIS(IntraDay),EQ,,,,,STG1,,,,
ELGIEQUIP,ELGIEQUIP,NSECM,Limit,Limit,25,,MIS(IntraDay),EQ,,,,,STG1,,,,
EMAMILTD,EMAMILTD,NSECM,Limit,Limit,25,,MIS(IntraDay),EQ,,,,,STG1,,,,
ENDURANCE,ENDURANCE,NSECM,Limit,Limit,25,,MIS(IntraDay),EQ,,,,,STG1,,,,
ENGINERSIN,ENGINERSIN,NSECM,Limit,Limit,25,,MIS(IntraDay),EQ,,,,,STG1,,,,
EPIGRAL,EPIGRAL,NSECM,Limit,Limit,25,,MIS(IntraDay),EQ,,,,,STG1,,,,
EQUITASBNK,EQUITASBNK,NSECM,Limit,Limit,25,,MIS(IntraDay),EQ,,,,,STG1,,,,
ERIS,ERIS,NSECM,Limit,Limit,25,,MIS(IntraDay),EQ,,,,,STG1,,,,
ESCORTS,ESCORTS,NSECM,Limit,Limit,25,,MIS(IntraDay),EQ,,,,,STG1,,,,
EXIDEIND,EXIDEIND,NSECM,Limit,Limit,25,,MIS(IntraDay),EQ,,,,,STG1,,,,
FDC,FDC,NSECM,Limit,Limit,25,,MIS(IntraDay),EQ,,,,,STG1,,,,
NYKAA,NYKAA,NSECM,Limit,Limit,25,,MIS(IntraDay),EQ,,,,,STG1,,,,
FEDERALBNK,FEDERALBNK,NSECM,Limit,Limit,25,,MIS(IntraDay),EQ,,,,,STG1,,,,
FACT,FACT,NSECM,Limit,Limit,25,,MIS(IntraDay),EQ,,,,,STG1,,,,
FINEORG,FINEORG,NSECM,Limit,Limit,25,,MIS(IntraDay),EQ,,,,,STG1,,,,
FINCABLES,FINCABLES,NSECM,Limit,Limit,25,,MIS(IntraDay),EQ,,,,,STG1,,,,
FINPIPE,FINPIPE,NSECM,Limit,Limit,25,,MIS(IntraDay),EQ,,,,,STG1,,,,
FSL,FSL,NSECM,Limit,Limit,25,,MIS(IntraDay),EQ,,,,,STG1,,,,
FIVESTAR,FIVESTAR,NSECM,Limit,Limit,25,,MIS(IntraDay),EQ,,,,,STG1,,,,
FORTIS,FORTIS,NSECM,Limit,Limit,25,,MIS(IntraDay),EQ,,,,,STG1,,,,
GRINFRA,GRINFRA,NSECM,Limit,Limit,25,,MIS(IntraDay),EQ,,,,,STG1,,,,
GAIL,GAIL,NSECM,Limit,Limit,25,,MIS(IntraDay),EQ,,,,,STG1,,,,
GMMPFAUDLR,GMMPFAUDLR,NSECM,Limit,Limit,25,,MIS(IntraDay),EQ,,,,,STG1,,,,
GMRINFRA,GMRINFRA,NSECM,Limit,Limit,25,,MIS(IntraDay),EQ,,,,,STG1,,,,
GALAXYSURF,GALAXYSURF,NSECM,Limit,Limit,25,,MIS(IntraDay),EQ,,,,,STG1,,,,
GICRE,GICRE,NSECM,Limit,Limit,25,,MIS(IntraDay),EQ,,,,,STG1,,,,
GILLETTE,GILLETTE,NSECM,Limit,Limit,25,,MIS(IntraDay),EQ,,,,,STG1,,,,
GLAND,GLAND,NSECM,Limit,Limit,25,,MIS(IntraDay),EQ,,,,,STG1,,,,
GLAXO,GLAXO,NSECM,Limit,Limit,25,,MIS(IntraDay),EQ,,,,,STG1,,,,
GLS,GLS,NSECM,Limit,Limit,25,,MIS(IntraDay),EQ,,,,,STG1,,,,
GLENMARK,GLENMARK,NSECM,Limit,Limit,25,,MIS(IntraDay),EQ,,,,,STG1,,,,
MEDANTA,MEDANTA,NSECM,Limit,Limit,25,,MIS(IntraDay),EQ,,,,,STG1,,,,
GOCOLORS,GOCOLORS,NSECM,Limit,Limit,25,,MIS(IntraDay),EQ,,,,,STG1,,,,
GPIL,GPIL,NSECM,Limit,Limit,25,,MIS(IntraDay),EQ,,,,,STG1,,,,
GODFRYPHLP,GODFRYPHLP,NSECM,Limit,Limit,25,,MIS(IntraDay),EQ,,,,,STG1,,,,
GODREJCP,GODREJCP,NSECM,Limit,Limit,25,,MIS(IntraDay),EQ,,,,,STG1,,,,
GODREJIND,GODREJIND,NSECM,Limit,Limit,25,,MIS(IntraDay),EQ,,,,,STG1,,,,
GODREJPROP,GODREJPROP,NSECM,Limit,Limit,25,,MIS(IntraDay),EQ,,,,,STG1,,,,
GRANULES,GRANULES,NSECM,Limit,Limit,25,,MIS(IntraDay),EQ,,,,,STG1,,,,
GRAPHITE,GRAPHITE,NSECM,Limit,Limit,25,,MIS(IntraDay),EQ,,,,,STG1,,,,
GESHIP,GESHIP,NSECM,Limit,Limit,25,,MIS(IntraDay),EQ,,,,,STG1,,,,
GRINDWELL,GRINDWELL,NSECM,Limit,Limit,25,,MIS(IntraDay),EQ,,,,,STG1,,,,
GUJALKALI,GUJALKALI,NSECM,Limit,Limit,25,,MIS(IntraDay),EQ,,,,,STG1,,,,
GAEL,GAEL,NSECM,Limit,Limit,25,,MIS(IntraDay),EQ,,,,,STG1,,,,
FLUOROCHEM,FLUOROCHEM,NSECM,Limit,Limit,25,,MIS(IntraDay),EQ,,,,,STG1,,,,
GUJGASLTD,GUJGASLTD,NSECM,Limit,Limit,25,,MIS(IntraDay),EQ,,,,,STG1,,,,
GNFC,GNFC,NSECM,Limit,Limit,25,,MIS(IntraDay),EQ,,,,,STG1,,,,
GPPL,GPPL,NSECM,Limit,Limit,25,,MIS(IntraDay),EQ,,,,,STG1,,,,
GSFC,GSFC,NSECM,Limit,Limit,25,,MIS(IntraDay),EQ,,,,,STG1,,,,
GSPL,GSPL,NSECM,Limit,Limit,25,,MIS(IntraDay),EQ,,,,,STG1,,,,
HEG,HEG,NSECM,Limit,Limit,25,,MIS(IntraDay),EQ,,,,,STG1,,,,
HDFCAMC,HDFCAMC,NSECM,Limit,Limit,25,,MIS(IntraDay),EQ,,,,,STG1,,,,
HFCL,HFCL,NSECM,Limit,Limit,25,,MIS(IntraDay),EQ,,,,,STG1,,,,
HLEGLAS,HLEGLAS,NSECM,Limit,Limit,25,,MIS(IntraDay),EQ,,,,,STG1,,,,
HAPPSTMNDS,HAPPSTMNDS,NSECM,Limit,Limit,25,,MIS(IntraDay),EQ,,,,,STG1,,,,
HAVELLS,HAVELLS,NSECM,Limit,Limit,25,,MIS(IntraDay),EQ,,,,,STG1,,,,
HAL,HAL,NSECM,Limit,Limit,25,,MIS(IntraDay),EQ,,,,,STG1,,,,
HINDCOPPER,HINDCOPPER,NSECM,Limit,Limit,25,,MIS(IntraDay),EQ,,,,,STG1,,,,
HINDPETRO,HINDPETRO,NSECM,Limit,Limit,25,,MIS(IntraDay),EQ,,,,,STG1,,,,
HINDZINC,HINDZINC,NSECM,Limit,Limit,25,,MIS(IntraDay),EQ,,,,,STG1,,,,
POWERINDIA,POWERINDIA,NSECM,Limit,Limit,25,,MIS(IntraDay),EQ,,,,,STG1,,,,
HOMEFIRST,HOMEFIRST,NSECM,Limit,Limit,25,,MIS(IntraDay),EQ,,,,,STG1,,,,
HONAUT,HONAUT,NSECM,Limit,Limit,25,,MIS(IntraDay),EQ,,,,,STG1,,,,
HUDCO,HUDCO,NSECM,Limit,Limit,25,,MIS(IntraDay),EQ,,,,,STG1,,,,
ICICIGI,ICICIGI,NSECM,Limit,Limit,25,,MIS(IntraDay),EQ,,,,,STG1,,,,
ICICIPRULI,ICICIPRULI,NSECM,Limit,Limit,25,,MIS(IntraDay),EQ,,,,,STG1,,,,
ISEC,ISEC,NSECM,Limit,Limit,25,,MIS(IntraDay),EQ,,,,,STG1,,,,
IDBI,IDBI,NSECM,Limit,Limit,25,,MIS(IntraDay),EQ,,,,,STG1,,,,
IDFCFIRSTB,IDFCFIRSTB,NSECM,Limit,Limit,25,,MIS(IntraDay),EQ,,,,,STG1,,,,
IDFC,IDFC,NSECM,Limit,Limit,25,,MIS(IntraDay),EQ,,,,,STG1,,,,
IIFL,IIFL,NSECM,Limit,Limit,25,,MIS(IntraDay),EQ,,,,,STG1,,,,
IRB,IRB,NSECM,Limit,Limit,25,,MIS(IntraDay),EQ,,,,,STG1,,,,
IRCON,IRCON,NSECM,Limit,Limit,25,,MIS(IntraDay),EQ,,,,,STG1,,,,
ITI,ITI,NSECM,Limit,Limit,25,,MIS(IntraDay),EQ,,,,,STG1,,,,
INDIACEM,INDIACEM,NSECM,Limit,Limit,25,,MIS(IntraDay),EQ,,,,,STG1,,,,
IBULHSGFIN,IBULHSGFIN,NSECM,Limit,Limit,25,,MIS(IntraDay),EQ,,,,,STG1,,,,
INDIAMART,INDIAMART,NSECM,Limit,Limit,25,,MIS(IntraDay),EQ,,,,,STG1,,,,
INDIANB,INDIANB,NSECM,Limit,Limit,25,,MIS(IntraDay),EQ,,,,,STG1,,,,
IEX,IEX,NSECM,Limit,Limit,25,,MIS(IntraDay),EQ,,,,,STG1,,,,
INDHOTEL,INDHOTEL,NSECM,Limit,Limit,25,,MIS(IntraDay),EQ,,,,,STG1,,,,
IOC,IOC,NSECM,Limit,Limit,25,,MIS(IntraDay),EQ,,,,,STG1,,,,
IOB,IOB,NSECM,Limit,Limit,25,,MIS(IntraDay),EQ,,,,,STG1,,,,
IRCTC,IRCTC,NSECM,Limit,Limit,25,,MIS(IntraDay),EQ,,,,,STG1,,,,
IRFC,IRFC,NSECM,Limit,Limit,25,,MIS(IntraDay),EQ,,,,,STG1,,,,
INDIGOPNTS,INDIGOPNTS,NSECM,Limit,Limit,25,,MIS(IntraDay),EQ,,,,,STG1,,,,
IGL,IGL,NSECM,Limit,Limit,25,,MIS(IntraDay),EQ,,,,,STG1,,,,
INDUSTOWER,INDUSTOWER,NSECM,Limit,Limit,25,,MIS(IntraDay),EQ,,,,,STG1,,,,
INFIBEAM,INFIBEAM,NSECM,Limit,Limit,25,,MIS(IntraDay),EQ,,,,,STG1,,,,
NAUKRI,NAUKRI,NSECM,Limit,Limit,25,,MIS(IntraDay),EQ,,,,,STG1,,,,
INGERRAND,INGERRAND,NSECM,Limit,Limit,25,,MIS(IntraDay),EQ,,,,,STG1,,,,
INTELLECT,INTELLECT,NSECM,Limit,Limit,25,,MIS(IntraDay),EQ,,,,,STG1,,,,
INDIGO,INDIGO,NSECM,Limit,Limit,25,,MIS(IntraDay),EQ,,,,,STG1,,,,
IPCALAB,IPCALAB,NSECM,Limit,Limit,25,,MIS(IntraDay),EQ,,,,,STG1,,,,
JBCHEPHARM,JBCHEPHARM,NSECM,Limit,Limit,25,,MIS(IntraDay),EQ,,,,,STG1,,,,
JKCEMENT,JKCEMENT,NSECM,Limit,Limit,25,,MIS(IntraDay),EQ,,,,,STG1,,,,
JBMA,JBMA,NSECM,Limit,Limit,25,,MIS(IntraDay),EQ,,,,,STG1,,,,
JKLAKSHMI,JKLAKSHMI,NSECM,Limit,Limit,25,,MIS(IntraDay),EQ,,,,,STG1,,,,
JKPAPER,JKPAPER,NSECM,Limit,Limit,25,,MIS(IntraDay),EQ,,,,,STG1,,,,
JMFINANCIL,JMFINANCIL,NSECM,Limit,Limit,25,,MIS(IntraDay),EQ,,,,,STG1,,,,
JSWENERGY,JSWENERGY,NSECM,Limit,Limit,25,,MIS(IntraDay),EQ,,,,,STG1,,,,
JAMNAAUTO,JAMNAAUTO,NSECM,Limit,Limit,25,,MIS(IntraDay),EQ,,,,,STG1,,,,
JINDALSAW,JINDALSAW,NSECM,Limit,Limit,25,,MIS(IntraDay),EQ,,,,,STG1,,,,
JSL,JSL,NSECM,Limit,Limit,25,,MIS(IntraDay),EQ,,,,,STG1,,,,
JINDALSTEL,JINDALSTEL,NSECM,Limit,Limit,25,,MIS(IntraDay),EQ,,,,,STG1,,,,
JUBLFOOD,JUBLFOOD,NSECM,Limit,Limit,25,,MIS(IntraDay),EQ,,,,,STG1,,,,
JUBLINGREA,JUBLINGREA,NSECM,Limit,Limit,25,,MIS(IntraDay),EQ,,,,,STG1,,,,
JUBLPHARMA,JUBLPHARMA,NSECM,Limit,Limit,25,,MIS(IntraDay),EQ,,,,,STG1,,,,
JUSTDIAL,JUSTDIAL,NSECM,Limit,Limit,25,,MIS(IntraDay),EQ,,,,,STG1,,,,
JYOTHYLAB,JYOTHYLAB,NSECM,Limit,Limit,25,,MIS(IntraDay),EQ,,,,,STG1,,,,
KPRMILL,KPRMILL,NSECM,Limit,Limit,25,,MIS(IntraDay),EQ,,,,,STG1,,,,
KEI,KEI,NSECM,Limit,Limit,25,,MIS(IntraDay),EQ,,,,,STG1,,,,
KNRCON,KNRCON,NSECM,Limit,Limit,25,,MIS(IntraDay),EQ,,,,,STG1,,,,
KPITTECH,KPITTECH,NSECM,Limit,Limit,25,,MIS(IntraDay),EQ,,,,,STG1,,,,
KRBL,KRBL,NSECM,Limit,Limit,25,,MIS(IntraDay),EQ,,,,,STG1,,,,
KSB,KSB,NSECM,Limit,Limit,25,,MIS(IntraDay),EQ,,,,,STG1,,,,
KAJARIACER,KAJARIACER,NSECM,Limit,Limit,25,,MIS(IntraDay),EQ,,,,,STG1,,,,
KPIL,KPIL,NSECM,Limit,Limit,25,,MIS(IntraDay),EQ,,,,,STG1,,,,
KALYANKJIL,KALYANKJIL,NSECM,Limit,Limit,25,,MIS(IntraDay),EQ,,,,,STG1,,,,
KANSAINER,KANSAINER,NSECM,Limit,Limit,25,,MIS(IntraDay),EQ,,,,,STG1,,,,
KARURVYSYA,KARURVYSYA,NSECM,Limit,Limit,25,,MIS(IntraDay),EQ,,,,,STG1,,,,
KAYNES,KAYNES,NSECM,Limit,Limit,25,,MIS(IntraDay),EQ,,,,,STG1,,,,
KEC,KEC,NSECM,Limit,Limit,25,,MIS(IntraDay),EQ,,,,,STG1,,,,
KFINTECH,KFINTECH,NSECM,Limit,Limit,25,,MIS(IntraDay),EQ,,,,,STG1,,,,
KIMS,KIMS,NSECM,Limit,Limit,25,,MIS(IntraDay),EQ,,,,,STG1,,,,
L&TFH,L&TFH,NSECM,Limit,Limit,25,,MIS(IntraDay),EQ,,,,,STG1,,,,
LTTS,LTTS,NSECM,Limit,Limit,25,,MIS(IntraDay),EQ,,,,,STG1,,,,
LICHSGFIN,LICHSGFIN,NSECM,Limit,Limit,25,,MIS(IntraDay),EQ,,,,,STG1,,,,
LAXMIMACH,LAXMIMACH,NSECM,Limit,Limit,25,,MIS(IntraDay),EQ,,,,,STG1,,,,
LATENTVIEW,LATENTVIEW,NSECM,Limit,Limit,25,,MIS(IntraDay),EQ,,,,,STG1,,,,
LAURUSLABS,LAURUSLABS,NSECM,Limit,Limit,25,,MIS(IntraDay),EQ,,,,,STG1,,,,
LXCHEM,LXCHEM,NSECM,Limit,Limit,25,,MIS(IntraDay),EQ,,,,,STG1,,,,
LEMONTREE,LEMONTREE,NSECM,Limit,Limit,25,,MIS(IntraDay),EQ,,,,,STG1,,,,
LICI,LICI,NSECM,Limit,Limit,25,,MIS(IntraDay),EQ,,,,,STG1,,,,
LINDEINDIA,LINDEINDIA,NSECM,Limit,Limit,25,,MIS(IntraDay),EQ,,,,,STG1,,,,
LUPIN,LUPIN,NSECM,Limit,Limit,25,,MIS(IntraDay),EQ,,,,,STG1,,,,
LUXIND,LUXIND,NSECM,Limit,Limit,25,,MIS(IntraDay),EQ,,,,,STG1,,,,
MMTC,MMTC,NSECM,Limit,Limit,25,,MIS(IntraDay),EQ,,,,,STG1,,,,
MRF,MRF,NSECM,Limit,Limit,25,,MIS(IntraDay),EQ,,,,,STG1,,,,
MTARTECH,MTARTECH,NSECM,Limit,Limit,25,,MIS(IntraDay),EQ,,,,,STG1,,,,
LODHA,LODHA,NSECM,Limit,Limit,25,,MIS(IntraDay),EQ,,,,,STG1,,,,
MGL,MGL,NSECM,Limit,Limit,25,,MIS(IntraDay),EQ,,,,,STG1,,,,
M&MFIN,M&MFIN,NSECM,Limit,Limit,25,,MIS(IntraDay),EQ,,,,,STG1,,,,
MHRIL,MHRIL,NSECM,Limit,Limit,25,,MIS(IntraDay),EQ,,,,,STG1,,,,
MAHLIFE,MAHLIFE,NSECM,Limit,Limit,25,,MIS(IntraDay),EQ,,,,,STG1,,,,
MANAPPURAM,MANAPPURAM,NSECM,Limit,Limit,25,,MIS(IntraDay),EQ,,,,,STG1,,,,
MRPL,MRPL,NSECM,Limit,Limit,25,,MIS(IntraDay),EQ,,,,,STG1,,,,
MANKIND,MANKIND,NSECM,Limit,Limit,25,,MIS(IntraDay),EQ,,,,,STG1,,,,
MARICO,MARICO,NSECM,Limit,Limit,25,,MIS(IntraDay),EQ,,,,,STG1,,,,
MASTEK,MASTEK,NSECM,Limit,Limit,25,,MIS(IntraDay),EQ,,,,,STG1,,,,
MFSL,MFSL,NSECM,Limit,Limit,25,,MIS(IntraDay),EQ,,,,,STG1,,,,
MAXHEALTH,MAXHEALTH,NSECM,Limit,Limit,25,,MIS(IntraDay),EQ,,,,,STG1,,,,
MAZDOCK,MAZDOCK,NSECM,Limit,Limit,25,,MIS(IntraDay),EQ,,,,,STG1,,,,
MEDPLUS,MEDPLUS,NSECM,Limit,Limit,25,,MIS(IntraDay),EQ,,,,,STG1,,,,
METROBRAND,METROBRAND,NSECM,Limit,Limit,25,,MIS(IntraDay),EQ,,,,,STG1,,,,
METROPOLIS,METROPOLIS,NSECM,Limit,Limit,25,,MIS(IntraDay),EQ,,,,,STG1,,,,
MINDACORP,MINDACORP,NSECM,Limit,Limit,25,,MIS(IntraDay),EQ,,,,,STG1,,,,
MSUMI,MSUMI,NSECM,Limit,Limit,25,,MIS(IntraDay),EQ,,,,,STG1,,,,
MOTILALOFS,MOTILALOFS,NSECM,Limit,Limit,25,,MIS(IntraDay),EQ,,,,,STG1,,,,
MPHASIS,MPHASIS,NSECM,Limit,Limit,25,,MIS(IntraDay),EQ,,,,,STG1,,,,
MCX,MCX,NSECM,Limit,Limit,25,,MIS(IntraDay),EQ,,,,,STG1,,,,
MUTHOOTFIN,MUTHOOTFIN,NSECM,Limit,Limit,25,,MIS(IntraDay),EQ,,,,,STG1,,,,
NATCOPHARM,NATCOPHARM,NSECM,Limit,Limit,25,,MIS(IntraDay),EQ,,,,,STG1,,,,
NBCC,NBCC,NSECM,Limit,Limit,25,,MIS(IntraDay),EQ,,,,,STG1,,,,
NCC,NCC,NSECM,Limit,Limit,25,,MIS(IntraDay),EQ,,,,,STG1,,,,
NHPC,NHPC,NSECM,Limit,Limit,25,,MIS(IntraDay),EQ,,,,,STG1,,,,
NLCINDIA,NLCINDIA,NSECM,Limit,Limit,25,,MIS(IntraDay),EQ,,,,,STG1,,,,
NMDC,NMDC,NSECM,Limit,Limit,25,,MIS(IntraDay),EQ,,,,,STG1,,,,
NSLNISP,NSLNISP,NSECM,Limit,Limit,25,,MIS(IntraDay),EQ,,,,,STG1,,,,
NH,NH,NSECM,Limit,Limit,25,,MIS(IntraDay),EQ,,,,,STG1,,,,
NATIONALUM,NATIONALUM,NSECM,Limit,Limit,25,,MIS(IntraDay),EQ,,,,,STG1,,,,
NAVINFLUOR,NAVINFLUOR,NSECM,Limit,Limit,25,,MIS(IntraDay),EQ,,,,,STG1,,,,
NAZARA,NAZARA,NSECM,Limit,Limit,25,,MIS(IntraDay),EQ,,,,,STG1,,,,
NETWORK18,NETWORK18,NSECM,Limit,Limit,25,,MIS(IntraDay),EQ,,,,,STG1,,,,
NAM-INDIA,NAM-INDIA,NSECM,Limit,Limit,25,,MIS(IntraDay),EQ,,,,,STG1,,,,
NUVOCO,NUVOCO,NSECM,Limit,Limit,25,,MIS(IntraDay),EQ,,,,,STG1,,,,
OBEROIRLTY,OBEROIRLTY,NSECM,Limit,Limit,25,,MIS(IntraDay),EQ,,,,,STG1,,,,
OIL,OIL,NSECM,Limit,Limit,25,,MIS(IntraDay),EQ,,,,,STG1,,,,
OLECTRA,OLECTRA,NSECM,Limit,Limit,25,,MIS(IntraDay),EQ,,,,,STG1,,,,
PAYTM,PAYTM,NSECM,Limit,Limit,25,,MIS(IntraDay),EQ,,,,,STG1,,,,
OFSS,OFSS,NSECM,Limit,Limit,25,,MIS(IntraDay),EQ,,,,,STG1,,,,
ORIENTELEC,ORIENTELEC,NSECM,Limit,Limit,25,,MIS(IntraDay),EQ,,,,,STG1,,,,
POLICYBZR,POLICYBZR,NSECM,Limit,Limit,25,,MIS(IntraDay),EQ,,,,,STG1,,,,
PCBL,PCBL,NSECM,Limit,Limit,25,,MIS(IntraDay),EQ,,,,,STG1,,,,
PIIND,PIIND,NSECM,Limit,Limit,25,,MIS(IntraDay),EQ,,,,,STG1,,,,
PNBHOUSING,PNBHOUSING,NSECM,Limit,Limit,25,,MIS(IntraDay),EQ,,,,,STG1,,,,
PNCINFRA,PNCINFRA,NSECM,Limit,Limit,25,,MIS(IntraDay),EQ,,,,,STG1,,,,
PVRINOX,PVRINOX,NSECM,Limit,Limit,25,,MIS(IntraDay),EQ,,,,,STG1,,,,
PAGEIND,PAGEIND,NSECM,Limit,Limit,25,,MIS(IntraDay),EQ,,,,,STG1,,,,
PATANJALI,PATANJALI,NSECM,Limit,Limit,25,,MIS(IntraDay),EQ,,,,,STG1,,,,
PERSISTENT,PERSISTENT,NSECM,Limit,Limit,25,,MIS(IntraDay),EQ,,,,,STG1,,,,
PETRONET,PETRONET,NSECM,Limit,Limit,25,,MIS(IntraDay),EQ,,,,,STG1,,,,
PFIZER,PFIZER,NSECM,Limit,Limit,25,,MIS(IntraDay),EQ,,,,,STG1,,,,
PHOENIXLTD,PHOENIXLTD,NSECM,Limit,Limit,25,,MIS(IntraDay),EQ,,,,,STG1,,,,
PIDILITIND,PIDILITIND,NSECM,Limit,Limit,25,,MIS(IntraDay),EQ,,,,,STG1,,,,
PEL,PEL,NSECM,Limit,Limit,25,,MIS(IntraDay),EQ,,,,,STG1,,,,
PPLPHARMA,PPLPHARMA,NSECM,Limit,Limit,25,,MIS(IntraDay),EQ,,,,,STG1,,,,
POLYMED,POLYMED,NSECM,Limit,Limit,25,,MIS(IntraDay),EQ,,,,,STG1,,,,
POLYCAB,POLYCAB,NSECM,Limit,Limit,25,,MIS(IntraDay),EQ,,,,,STG1,,,,
POLYPLEX,POLYPLEX,NSECM,Limit,Limit,25,,MIS(IntraDay),EQ,,,,,STG1,,,,
POONAWALLA,POONAWALLA,NSECM,Limit,Limit,25,,MIS(IntraDay),EQ,,,,,STG1,,,,
PFC,PFC,NSECM,Limit,Limit,25,,MIS(IntraDay),EQ,,,,,STG1,,,,
PRAJIND,PRAJIND,NSECM,Limit,Limit,25,,MIS(IntraDay),EQ,,,,,STG1,,,,
PRESTIGE,PRESTIGE,NSECM,Limit,Limit,25,,MIS(IntraDay),EQ,,,,,STG1,,,,
PRINCEPIPE,PRINCEPIPE,NSECM,Limit,Limit,25,,MIS(IntraDay),EQ,,,,,STG1,,,,
PRSMJOHNSN,PRSMJOHNSN,NSECM,Limit,Limit,25,,MIS(IntraDay),EQ,,,,,STG1,,,,
PGHL,PGHL,NSECM,Limit,Limit,25,,MIS(IntraDay),EQ,,,,,STG1,,,,
PGHH,PGHH,NSECM,Limit,Limit,25,,MIS(IntraDay),EQ,,,,,STG1,,,,
PNB,PNB,NSECM,Limit,Limit,25,,MIS(IntraDay),EQ,,,,,STG1,,,,
QUESS,QUESS,NSECM,Limit,Limit,25,,MIS(IntraDay),EQ,,,,,STG1,,,,
RBLBANK,RBLBANK,NSECM,Limit,Limit,25,,MIS(IntraDay),EQ,,,,,STG1,,,,
RECLTD,RECLTD,NSECM,Limit,Limit,25,,MIS(IntraDay),EQ,,,,,STG1,,,,
RHIM,RHIM,NSECM,Limit,Limit,25,,MIS(IntraDay),EQ,,,,,STG1,,,,
RITES,RITES,NSECM,Limit,Limit,25,,MIS(IntraDay),EQ,,,,,STG1,,,,
RADICO,RADICO,NSECM,Limit,Limit,25,,MIS(IntraDay),EQ,,,,,STG1,,,,
RVNL,RVNL,NSECM,Limit,Limit,25,,MIS(IntraDay),EQ,,,,,STG1,,,,
RAIN,RAIN,NSECM,Limit,Limit,25,,MIS(IntraDay),EQ,,,,,STG1,,,,
RAINBOW,RAINBOW,NSECM,Limit,Limit,25,,MIS(IntraDay),EQ,,,,,STG1,,,,
RAJESHEXPO,RAJESHEXPO,NSECM,Limit,Limit,25,,MIS(IntraDay),EQ,,,,,STG1,,,,
RALLIS,RALLIS,NSECM,Limit,Limit,25,,MIS(IntraDay),EQ,,,,,STG1,,,,
RCF,RCF,NSECM,Limit,Limit,25,,MIS(IntraDay),EQ,,,,,STG1,,,,
RATNAMANI,RATNAMANI,NSECM,Limit,Limit,25,,MIS(IntraDay),EQ,,,,,STG1,,,,
RTNINDIA,RTNINDIA,NSECM,Limit,Limit,25,,MIS(IntraDay),EQ,,,,,STG1,,,,
RAYMOND,RAYMOND,NSECM,Limit,Limit,25,,MIS(IntraDay),EQ,,,,,STG1,,,,
REDINGTON,REDINGTON,NSECM,Limit,Limit,25,,MIS(IntraDay),EQ,,,,,STG1,,,,
RELAXO,RELAXO,NSECM,Limit,Limit,25,,MIS(IntraDay),EQ,,,,,STG1,,,,
RBA,RBA,NSECM,Limit,Limit,25,,MIS(IntraDay),EQ,,,,,STG1,,,,
ROSSARI,ROSSARI,NSECM,Limit,Limit,25,,MIS(IntraDay),EQ,,,,,STG1,,,,
ROUTE,ROUTE,NSECM,Limit,Limit,25,,MIS(IntraDay),EQ,,,,,STG1,,,,
SBICARD,SBICARD,NSECM,Limit,Limit,25,,MIS(IntraDay),EQ,,,,,STG1,,,,
SJVN,SJVN,NSECM,Limit,Limit,25,,MIS(IntraDay),EQ,,,,,STG1,,,,
SKFINDIA,SKFINDIA,NSECM,Limit,Limit,25,,MIS(IntraDay),EQ,,,,,STG1,,,,
SRF,SRF,NSECM,Limit,Limit,25,,MIS(IntraDay),EQ,,,,,STG1,,,,
SAFARI,SAFARI,NSECM,Limit,Limit,25,,MIS(IntraDay),EQ,,,,,STG1,,,,
MOTHERSON,MOTHERSON,NSECM,Limit,Limit,25,,MIS(IntraDay),EQ,,,,,STG1,,,,
SANOFI,SANOFI,NSECM,Limit,Limit,25,,MIS(IntraDay),EQ,,,,,STG1,,,,
SAPPHIRE,SAPPHIRE,NSECM,Limit,Limit,25,,MIS(IntraDay),EQ,,,,,STG1,,,,
SAREGAMA,SAREGAMA,NSECM,Limit,Limit,25,,MIS(IntraDay),EQ,,,,,STG1,,,,
SCHAEFFLER,SCHAEFFLER,NSECM,Limit,Limit,25,,MIS(IntraDay),EQ,,,,,STG1,,,,
SHARDACROP,SHARDACROP,NSECM,Limit,Limit,25,,MIS(IntraDay),EQ,,,,,STG1,,,,
SFL,SFL,NSECM,Limit,Limit,25,,MIS(IntraDay),EQ,,,,,STG1,,,,
SHOPERSTOP,SHOPERSTOP,NSECM,Limit,Limit,25,,MIS(IntraDay),EQ,,,,,STG1,,,,
SHREECEM,SHREECEM,NSECM,Limit,Limit,25,,MIS(IntraDay),EQ,,,,,STG1,,,,
RENUKA,RENUKA,NSECM,Limit,Limit,25,,MIS(IntraDay),EQ,,,,,STG1,,,,
SHRIRAMFIN,SHRIRAMFIN,NSECM,Limit,Limit,25,,MIS(IntraDay),EQ,,,,,STG1,,,,
SHYAMMETL,SHYAMMETL,NSECM,Limit,Limit,25,,MIS(IntraDay),EQ,,,,,STG1,,,,
SIEMENS,SIEMENS,NSECM,Limit,Limit,25,,MIS(IntraDay),EQ,,,,,STG1,,,,
SOBHA,SOBHA,NSECM,Limit,Limit,25,,MIS(IntraDay),EQ,,,,,STG1,,,,
SOLARINDS,SOLARINDS,NSECM,Limit,Limit,25,,MIS(IntraDay),EQ,,,,,STG1,,,,
SONACOMS,SONACOMS,NSECM,Limit,Limit,25,,MIS(IntraDay),EQ,,,,,STG1,,,,
SONATSOFTW,SONATSOFTW,NSECM,Limit,Limit,25,,MIS(IntraDay),EQ,,,,,STG1,,,,
STARHEALTH,STARHEALTH,NSECM,Limit,Limit,25,,MIS(IntraDay),EQ,,,,,STG1,,,,
SAIL,SAIL,NSECM,Limit,Limit,25,,MIS(IntraDay),EQ,,,,,STG1,,,,
SWSOLAR,SWSOLAR,NSECM,Limit,Limit,25,,MIS(IntraDay),EQ,,,,,STG1,,,,
STLTECH,STLTECH,NSECM,Limit,Limit,25,,MIS(IntraDay),EQ,,,,,STG1,,,,
SUMICHEM,SUMICHEM,NSECM,Limit,Limit,25,,MIS(IntraDay),EQ,,,,,STG1,,,,
SPARC,SPARC,NSECM,Limit,Limit,25,,MIS(IntraDay),EQ,,,,,STG1,,,,
SUNTV,SUNTV,NSECM,Limit,Limit,25,,MIS(IntraDay),EQ,,,,,STG1,,,,
SUNDARMFIN,SUNDARMFIN,NSECM,Limit,Limit,25,,MIS(IntraDay),EQ,,,,,STG1,,,,
SUNDRMFAST,SUNDRMFAST,NSECM,Limit,Limit,25,,MIS(IntraDay),EQ,,,,,STG1,,,,
SUNTECK,SUNTECK,NSECM,Limit,Limit,25,,MIS(IntraDay),EQ,,,,,STG1,,,,
SUPRAJIT,SUPRAJIT,NSECM,Limit,Limit,25,,MIS(IntraDay),EQ,,,,,STG1,,,,
SUPREMEIND,SUPREMEIND,NSECM,Limit,Limit,25,,MIS(IntraDay),EQ,,,,,STG1,,,,
SUVENPHAR,SUVENPHAR,NSECM,Limit,Limit,25,,MIS(IntraDay),EQ,,,,,STG1,,,,
SUZLON,SUZLON,NSECM,Limit,Limit,25,,MIS(IntraDay),EQ,,,,,STG1,,,,
SWANENERGY,SWANENERGY,NSECM,Limit,Limit,25,,MIS(IntraDay),EQ,,,,,STG1,,,,
SYMPHONY,SYMPHONY,NSECM,Limit,Limit,25,,MIS(IntraDay),EQ,,,,,STG1,,,,
SYNGENE,SYNGENE,NSECM,Limit,Limit,25,,MIS(IntraDay),EQ,,,,,STG1,,,,
SYRMA,SYRMA,NSECM,Limit,Limit,25,,MIS(IntraDay),EQ,,,,,STG1,,,,
TTKPRESTIG,TTKPRESTIG,NSECM,Limit,Limit,25,,MIS(IntraDay),EQ,,,,,STG1,,,,
TV18BRDCST,TV18BRDCST,NSECM,Limit,Limit,25,,MIS(IntraDay),EQ,,,,,STG1,,,,
TVSMOTOR,TVSMOTOR,NSECM,Limit,Limit,25,,MIS(IntraDay),EQ,,,,,STG1,,,,
TANLA,TANLA,NSECM,Limit,Limit,25,,MIS(IntraDay),EQ,,,,,STG1,,,,
TATACHEM,TATACHEM,NSECM,Limit,Limit,25,,MIS(IntraDay),EQ,,,,,STG1,,,,
TATACOMM,TATACOMM,NSECM,Limit,Limit,25,,MIS(IntraDay),EQ,,,,,STG1,,,,
TATAELXSI,TATAELXSI,NSECM,Limit,Limit,25,,MIS(IntraDay),EQ,,,,,STG1,,,,
TATAINVEST,TATAINVEST,NSECM,Limit,Limit,25,,MIS(IntraDay),EQ,,,,,STG1,,,,
TATAMTRDVR,TATAMTRDVR,NSECM,Limit,Limit,25,,MIS(IntraDay),EQ,,,,,STG1,,,,
TATAPOWER,TATAPOWER,NSECM,Limit,Limit,25,,MIS(IntraDay),EQ,,,,,STG1,,,,
TTML,TTML,NSECM,Limit,Limit,25,,MIS(IntraDay),EQ,,,,,STG1,,,,
TEAMLEASE,TEAMLEASE,NSECM,Limit,Limit,25,,MIS(IntraDay),EQ,,,,,STG1,,,,
TEJASNET,TEJASNET,NSECM,Limit,Limit,25,,MIS(IntraDay),EQ,,,,,STG1,,,,
NIACL,NIACL,NSECM,Limit,Limit,25,,MIS(IntraDay),EQ,,,,,STG1,,,,
RAMCOCEM,RAMCOCEM,NSECM,Limit,Limit,25,,MIS(IntraDay),EQ,,,,,STG1,,,,
THERMAX,THERMAX,NSECM,Limit,Limit,25,,MIS(IntraDay),EQ,,,,,STG1,,,,
TIMKEN,TIMKEN,NSECM,Limit,Limit,25,,MIS(IntraDay),EQ,,,,,STG1,,,,
TORNTPHARM,TORNTPHARM,NSECM,Limit,Limit,25,,MIS(IntraDay),EQ,,,,,STG1,,,,
TORNTPOWER,TORNTPOWER,NSECM,Limit,Limit,25,,MIS(IntraDay),EQ,,,,,STG1,,,,
TRENT,TRENT,NSECM,Limit,Limit,25,,MIS(IntraDay),EQ,,,,,STG1,,,,
TRIDENT,TRIDENT,NSECM,Limit,Limit,25,,MIS(IntraDay),EQ,,,,,STG1,,,,
TRIVENI,TRIVENI,NSECM,Limit,Limit,25,,MIS(IntraDay),EQ,,,,,STG1,,,,
TRITURBINE,TRITURBINE,NSECM,Limit,Limit,25,,MIS(IntraDay),EQ,,,,,STG1,,,,
TIINDIA,TIINDIA,NSECM,Limit,Limit,25,,MIS(IntraDay),EQ,,,,,STG1,,,,
UCOBANK,UCOBANK,NSECM,Limit,Limit,25,,MIS(IntraDay),EQ,,,,,STG1,,,,
UNOMINDA,UNOMINDA,NSECM,Limit,Limit,25,,MIS(IntraDay),EQ,,,,,STG1,,,,
UTIAMC,UTIAMC,NSECM,Limit,Limit,25,,MIS(IntraDay),EQ,,,,,STG1,,,,
UJJIVANSFB,UJJIVANSFB,NSECM,Limit,Limit,25,,MIS(IntraDay),EQ,,,,,STG1,,,,
UNIONBANK,UNIONBANK,NSECM,Limit,Limit,25,,MIS(IntraDay),EQ,,,,,STG1,,,,
UBL,UBL,NSECM,Limit,Limit,25,,MIS(IntraDay),EQ,,,,,STG1,,,,
MCDOWELL-N,MCDOWELL-N,NSECM,Limit,Limit,25,,MIS(IntraDay),EQ,,,,,STG1,,,,
USHAMART,USHAMART,NSECM,Limit,Limit,25,,MIS(IntraDay),EQ,,,,,STG1,,,,
VGUARD,VGUARD,NSECM,Limit,Limit,25,,MIS(IntraDay),EQ,,,,,STG1,,,,
VMART,VMART,NSECM,Limit,Limit,25,,MIS(IntraDay),EQ,,,,,STG1,,,,
VIPIND,VIPIND,NSECM,Limit,Limit,25,,MIS(IntraDay),EQ,,,,,STG1,,,,
VAIBHAVGBL,VAIBHAVGBL,NSECM,Limit,Limit,25,,MIS(IntraDay),EQ,,,,,STG1,,,,
VTL,VTL,NSECM,Limit,Limit,25,,MIS(IntraDay),EQ,,,,,STG1,,,,
VARROC,VARROC,NSECM,Limit,Limit,25,,MIS(IntraDay),EQ,,,,,STG1,,,,
VBL,VBL,NSECM,Limit,Limit,25,,MIS(IntraDay),EQ,,,,,STG1,,,,
MANYAVAR,MANYAVAR,NSECM,Limit,Limit,25,,MIS(IntraDay),EQ,,,,,STG1,,,,
VEDL,VEDL,NSECM,Limit,Limit,25,,MIS(IntraDay),EQ,,,,,STG1,,,,
VIJAYA,VIJAYA,NSECM,Limit,Limit,25,,MIS(IntraDay),EQ,,,,,STG1,,,,
VINATIORGA,VINATIORGA,NSECM,Limit,Limit,25,,MIS(IntraDay),EQ,,,,,STG1,,,,
IDEA,IDEA,NSECM,Limit,Limit,25,,MIS(IntraDay),EQ,,,,,STG1,,,,
VOLTAS,VOLTAS,NSECM,Limit,Limit,25,,MIS(IntraDay),EQ,,,,,STG1,,,,
WELCORP,WELCORP,NSECM,Limit,Limit,25,,MIS(IntraDay),EQ,,,,,STG1,,,,
WELSPUNLIV,WELSPUNLIV,NSECM,Limit,Limit,25,,MIS(IntraDay),EQ,,,,,STG1,,,,
WESTLIFE,WESTLIFE,NSECM,Limit,Limit,25,,MIS(IntraDay),EQ,,,,,STG1,,,,
WHIRLPOOL,WHIRLPOOL,NSECM,Limit,Limit,25,,MIS(IntraDay),EQ,,,,,STG1,,,,
YESBANK,YESBANK,NSECM,Limit,Limit,25,,MIS(IntraDay),EQ,,,,,STG1,,,,
ZFCVINDIA,ZFCVINDIA,NSECM,Limit,Limit,25,,MIS(IntraDay),EQ,,,,,STG1,,,,
ZEEL,ZEEL,NSECM,Limit,Limit,25,,MIS(IntraDay),EQ,,,,,STG1,,,,
ZENSARTECH,ZENSARTECH,NSECM,Limit,Limit,25,,MIS(IntraDay),EQ,,,,,STG1,,,,
ZOMATO,ZOMATO,NSECM,Limit,Limit,25,,MIS(IntraDay),EQ,,,,,STG1,,,,
ZYDUSLIFE,ZYDUSLIFE,NSECM,Limit,Limit,25,,MIS(IntraDay),EQ,,,,,STG1,,,,
ZYDUSWELL,ZYDUSWELL,NSECM,Limit,Limit,25,,MIS(IntraDay),EQ,,,,,STG1,,,,
ECLERX,ECLERX,NSECM,Limit,Limit,25,,MIS(IntraDay),EQ,,,,,STG1,,,,
CRUDEOILG2024,CRUDEOIL,MCX,Limit,Limit,100,,MIS(IntraDay),FUTCOM,,,16-02-2024,,STG1,,,,
USDINR,USDINR,NSECD,Limit,Limit,1,,MIS(IntraDay),FUTCUR,,,01-03-2024,,STG1,,,,
NIFTY,NIFTY,NSEFO,Limit,Limit,50,,MIS(IntraDay),FUTIDX,,,29-02-2024,,STG1,,,,
NIFTY,NIFTY,NSEFO,Limit,Limit,50,,MIS(IntraDay),OPTIDX,CE,19950,07-03-2024,,STG1,,,,
